insert into kategorie (kat_id, kat_nazwa) values (1, 'owoce');
insert into kategorie (kat_id, kat_nazwa) values (2, 'warzywa');

insert into towary (t_id, t_nazwa, t_link, t_kat_id) values (  1, 'abiu', '', 1);
insert into towary (t_id, t_nazwa, t_link, t_kat_id) values (  2, 'abio', '', 1);
insert into towary (t_id, t_nazwa, t_link, t_kat_id) values (  3, 'agrest', '', 1);
insert into towary (t_id, t_nazwa, t_link, t_kat_id) values (  4, 'amla', '', 1);
insert into towary (t_id, t_nazwa, t_link, t_kat_id) values (  5, 'ananas', '', 1);
insert into towary (t_id, t_nazwa, t_link, t_kat_id) values (  6, 'arbuz', '', 1);
insert into towary (t_id, t_nazwa, t_link, t_kat_id) values (  7, 'aronia', '', 1);
insert into towary (t_id, t_nazwa, t_link, t_kat_id) values (  8, 'awokado', '', 1);
insert into towary (t_id, t_nazwa, t_link, t_kat_id) values (  9, 'banan', '', 1);
insert into towary (t_id, t_nazwa, t_link, t_kat_id) values ( 10, 'biała porzeczka', '', 1);
insert into towary (t_id, t_nazwa, t_link, t_kat_id) values ( 11, 'borówka', '', 1);
insert into towary (t_id, t_nazwa, t_link, t_kat_id) values ( 12, 'brusznica', '', 1);
insert into towary (t_id, t_nazwa, t_link, t_kat_id) values ( 13, 'borówka amerykańska', '', 1);
insert into towary (t_id, t_nazwa, t_link, t_kat_id) values ( 14, 'brzoskwinia', '', 1);
insert into towary (t_id, t_nazwa, t_link, t_kat_id) values ( 15, 'buk', '', 1);
insert into towary (t_id, t_nazwa, t_link, t_kat_id) values ( 16, 'cytryna', '', 1);
insert into towary (t_id, t_nazwa, t_link, t_kat_id) values ( 17, 'czarna porzeczka', '', 1);
insert into towary (t_id, t_nazwa, t_link, t_kat_id) values ( 18, 'czarny bez', '', 1);
insert into towary (t_id, t_nazwa, t_link, t_kat_id) values ( 19, 'czeremcha', '', 1);
insert into towary (t_id, t_nazwa, t_link, t_kat_id) values ( 20, 'czereśnia', '', 1);
insert into towary (t_id, t_nazwa, t_link, t_kat_id) values ( 21, 'czerwona porzeczka', '', 1);
insert into towary (t_id, t_nazwa, t_link, t_kat_id) values ( 22, 'daktyl', '', 1);
insert into towary (t_id, t_nazwa, t_link, t_kat_id) values ( 23, 'dereń', '', 1);
insert into towary (t_id, t_nazwa, t_link, t_kat_id) values ( 24, 'durian', '', 1);
insert into towary (t_id, t_nazwa, t_link, t_kat_id) values ( 25, 'dzika róża', '', 1);
insert into towary (t_id, t_nazwa, t_link, t_kat_id) values ( 26, 'figa', '', 1);
insert into towary (t_id, t_nazwa, t_link, t_kat_id) values ( 27, 'bakłażan', '', 2);
insert into towary (t_id, t_nazwa, t_link, t_kat_id) values ( 28, 'oberżyna', '', 2);
insert into towary (t_id, t_nazwa, t_link, t_kat_id) values ( 29, 'batat', '', 2);
insert into towary (t_id, t_nazwa, t_link, t_kat_id) values ( 30, 'patat', '', 2);
insert into towary (t_id, t_nazwa, t_link, t_kat_id) values ( 31, 'botwina', '', 2);
insert into towary (t_id, t_nazwa, t_link, t_kat_id) values ( 32, 'bobik', '', 2);
insert into towary (t_id, t_nazwa, t_link, t_kat_id) values ( 33, 'bób', '', 2);
insert into towary (t_id, t_nazwa, t_link, t_kat_id) values ( 34, 'brokuł', '', 2);
insert into towary (t_id, t_nazwa, t_link, t_kat_id) values ( 35, 'brukiew', '', 2);
insert into towary (t_id, t_nazwa, t_link, t_kat_id) values ( 36, 'brukselka ', '', 2);
insert into towary (t_id, t_nazwa, t_link, t_kat_id) values ( 37, 'burak', '', 2);
insert into towary (t_id, t_nazwa, t_link, t_kat_id) values ( 38, 'cebula', '', 2);
insert into towary (t_id, t_nazwa, t_link, t_kat_id) values ( 39, 'chrzan', '', 2);
insert into towary (t_id, t_nazwa, t_link, t_kat_id) values ( 40, 'ciecierzyca', '', 2);
insert into towary (t_id, t_nazwa, t_link, t_kat_id) values ( 41, 'groch włoski', '', 2);
insert into towary (t_id, t_nazwa, t_link, t_kat_id) values ( 42, 'cukinia', '', 2);
insert into towary (t_id, t_nazwa, t_link, t_kat_id) values ( 43, 'kabaczek', '', 2);
insert into towary (t_id, t_nazwa, t_link, t_kat_id) values ( 44, 'cykoria', '', 2);
insert into towary (t_id, t_nazwa, t_link, t_kat_id) values ( 45, 'czosnek', '', 2);
insert into towary (t_id, t_nazwa, t_link, t_kat_id) values ( 46, 'czyściec', '', 2);
insert into towary (t_id, t_nazwa, t_link, t_kat_id) values ( 47, 'dynia', '', 2);
insert into towary (t_id, t_nazwa, t_link, t_kat_id) values ( 48, 'endywia', '', 2);
insert into towary (t_id, t_nazwa, t_link, t_kat_id) values ( 49, 'fasola', '', 2);
insert into towary (t_id, t_nazwa, t_link, t_kat_id) values ( 50, 'fasolka szparagowa', '', 2);
insert into towary (t_id, t_nazwa, t_link, t_kat_id) values ( 51, 'fenkuł', '', 2);
insert into towary (t_id, t_nazwa, t_link, t_kat_id) values ( 52, 'koper włoski', '', 2);
insert into towary (t_id, t_nazwa, t_link, t_kat_id) values ( 53, 'groch', '', 2);
insert into towary (t_id, t_nazwa, t_link, t_kat_id) values ( 54, 'groch włoski', '', 2);
insert into towary (t_id, t_nazwa, t_link, t_kat_id) values ( 55, 'ignam', '', 2);
insert into towary (t_id, t_nazwa, t_link, t_kat_id) values ( 56, 'jarmuż', '', 2);
insert into towary (t_id, t_nazwa, t_link, t_kat_id) values ( 57, 'kabaczek', '', 2);
insert into towary (t_id, t_nazwa, t_link, t_kat_id) values ( 58, 'kalafior', '', 2);
insert into towary (t_id, t_nazwa, t_link, t_kat_id) values ( 59, 'kalarepa', '', 2);
insert into towary (t_id, t_nazwa, t_link, t_kat_id) values ( 60, 'kapar', '', 2);

insert into ceny (c_id, c_t_id, c_cena, c_jednostka, c_ilosc) values (  1,   1, 12.73, 'kg',   1);
insert into ceny (c_id, c_t_id, c_cena, c_jednostka, c_ilosc) values (  2,   1, 35.05, 'kg',   3);
insert into ceny (c_id, c_t_id, c_cena, c_jednostka, c_ilosc) values (  3,   2, 19.10, 'op.',  1);
insert into ceny (c_id, c_t_id, c_cena, c_jednostka, c_ilosc) values (  4,   2,  2.75, 'szt.', 1);
insert into ceny (c_id, c_t_id, c_cena, c_jednostka, c_ilosc) values (  5,   3,  1.10, 'kg',   1);
insert into ceny (c_id, c_t_id, c_cena, c_jednostka, c_ilosc) values (  6,   4, 19.75, 'kg',   5);
insert into ceny (c_id, c_t_id, c_cena, c_jednostka, c_ilosc) values (  7,   4,  8.20, 'kg',   2);
insert into ceny (c_id, c_t_id, c_cena, c_jednostka, c_ilosc) values (  8,   4,  7.70, 'kg',   3);
insert into ceny (c_id, c_t_id, c_cena, c_jednostka, c_ilosc) values (  9,   5, 16.30, 'kg',   4);
insert into ceny (c_id, c_t_id, c_cena, c_jednostka, c_ilosc) values ( 10,   6, 37.65, 'kg',   5);
insert into ceny (c_id, c_t_id, c_cena, c_jednostka, c_ilosc) values ( 11,   6,  8.75, 'kg',   8);
insert into ceny (c_id, c_t_id, c_cena, c_jednostka, c_ilosc) values ( 12,   7, 13.50, 'kg',   1);
insert into ceny (c_id, c_t_id, c_cena, c_jednostka, c_ilosc) values ( 13,   7, 41.40, 'kg',   2);
insert into ceny (c_id, c_t_id, c_cena, c_jednostka, c_ilosc) values ( 14,   8,  8.15, 'kg',   4);
insert into ceny (c_id, c_t_id, c_cena, c_jednostka, c_ilosc) values ( 15,   9, 19.85, 'kg',   8);
insert into ceny (c_id, c_t_id, c_cena, c_jednostka, c_ilosc) values ( 16,  10,  6.75, 'kg',   1);
insert into ceny (c_id, c_t_id, c_cena, c_jednostka, c_ilosc) values ( 17,  10,  4.30, 'kg',   2);
insert into ceny (c_id, c_t_id, c_cena, c_jednostka, c_ilosc) values ( 18,  11, 41.60, 'kg',   5);
insert into ceny (c_id, c_t_id, c_cena, c_jednostka, c_ilosc) values ( 19,  11, 39.70, 'kg',   4);
insert into ceny (c_id, c_t_id, c_cena, c_jednostka, c_ilosc) values ( 20,  12,  9.30, 'kg',   1);
insert into ceny (c_id, c_t_id, c_cena, c_jednostka, c_ilosc) values ( 21,  13, 10.10, 'kg',   2);
insert into ceny (c_id, c_t_id, c_cena, c_jednostka, c_ilosc) values ( 22,  13,  8.20, 'kg',   1);
insert into ceny (c_id, c_t_id, c_cena, c_jednostka, c_ilosc) values ( 23,  14,  2.95, 'kg',   3);
insert into ceny (c_id, c_t_id, c_cena, c_jednostka, c_ilosc) values ( 24,  14, 11.35, 'kg',   7);
insert into ceny (c_id, c_t_id, c_cena, c_jednostka, c_ilosc) values ( 25,  14, 19.85, 'kg',   2);
insert into ceny (c_id, c_t_id, c_cena, c_jednostka, c_ilosc) values ( 26,  15,  7.40, 'kg',   3);
insert into ceny (c_id, c_t_id, c_cena, c_jednostka, c_ilosc) values ( 27,  16, 53.60, 'kg',   6);
insert into ceny (c_id, c_t_id, c_cena, c_jednostka, c_ilosc) values ( 28,  17, 11.55, 'kg',   1);
insert into ceny (c_id, c_t_id, c_cena, c_jednostka, c_ilosc) values ( 29,  17,  9.15, 'kg',   7);
insert into ceny (c_id, c_t_id, c_cena, c_jednostka, c_ilosc) values ( 30,  18,  3.25, 'kg',   1);
insert into ceny (c_id, c_t_id, c_cena, c_jednostka, c_ilosc) values ( 31,  19,  1.35, 'kg',   1);
insert into ceny (c_id, c_t_id, c_cena, c_jednostka, c_ilosc) values ( 32,  19,  7.40, 'kg',   1);
insert into ceny (c_id, c_t_id, c_cena, c_jednostka, c_ilosc) values ( 33,  20, 27.59, 'kg',   1);
insert into ceny (c_id, c_t_id, c_cena, c_jednostka, c_ilosc) values ( 34,  20,  8.62, 'kg',   1);
insert into ceny (c_id, c_t_id, c_cena, c_jednostka, c_ilosc) values ( 35,  21, 31.75, 'kg',   1);
insert into ceny (c_id, c_t_id, c_cena, c_jednostka, c_ilosc) values ( 36,  22,  7.88, 'kg',   1);
insert into ceny (c_id, c_t_id, c_cena, c_jednostka, c_ilosc) values ( 37,  23, 32.92, 'kg',   1);
insert into ceny (c_id, c_t_id, c_cena, c_jednostka, c_ilosc) values ( 38,  23,  7.08, 'kg',   1);
insert into ceny (c_id, c_t_id, c_cena, c_jednostka, c_ilosc) values ( 39,  24, 11.11, 'kg',   1);
insert into ceny (c_id, c_t_id, c_cena, c_jednostka, c_ilosc) values ( 40,  24, 10.25, 'kg',   1);
insert into ceny (c_id, c_t_id, c_cena, c_jednostka, c_ilosc) values ( 41,  24,  5.05, 'kg',   1);
insert into ceny (c_id, c_t_id, c_cena, c_jednostka, c_ilosc) values ( 42,  25,  0.10, 'kg',   1);
insert into ceny (c_id, c_t_id, c_cena, c_jednostka, c_ilosc) values ( 43,  26, 11.25, 'kg',   1);
insert into ceny (c_id, c_t_id, c_cena, c_jednostka, c_ilosc) values ( 44,  27,  9.43, 'kg',   1);
insert into ceny (c_id, c_t_id, c_cena, c_jednostka, c_ilosc) values ( 45,  27, 21.35, 'kg',   1);
insert into ceny (c_id, c_t_id, c_cena, c_jednostka, c_ilosc) values ( 46,  28,  5.41, 'kg',   1);
insert into ceny (c_id, c_t_id, c_cena, c_jednostka, c_ilosc) values ( 47,  29,  7.52, 'kg',   1);
insert into ceny (c_id, c_t_id, c_cena, c_jednostka, c_ilosc) values ( 48,  30,  3.63, 'kg',   1);
insert into ceny (c_id, c_t_id, c_cena, c_jednostka, c_ilosc) values ( 49,  31, 18.77, 'kg',   1);
insert into ceny (c_id, c_t_id, c_cena, c_jednostka, c_ilosc) values ( 50,  32, 21.84, 'kg',   1);
insert into ceny (c_id, c_t_id, c_cena, c_jednostka, c_ilosc) values ( 51,  32,  7.91, 'kg',   1);
insert into ceny (c_id, c_t_id, c_cena, c_jednostka, c_ilosc) values ( 52,  32,  3.18, 'kg',   1);
insert into ceny (c_id, c_t_id, c_cena, c_jednostka, c_ilosc) values ( 53,  33,  0.20, 'kg',   1);
insert into ceny (c_id, c_t_id, c_cena, c_jednostka, c_ilosc) values ( 54,  33,  7.32, 'kg',   1);
insert into ceny (c_id, c_t_id, c_cena, c_jednostka, c_ilosc) values ( 55,  34, 34.49, 'kg',   1);
insert into ceny (c_id, c_t_id, c_cena, c_jednostka, c_ilosc) values ( 56,  34,  7.55, 'kg',   1);
insert into ceny (c_id, c_t_id, c_cena, c_jednostka, c_ilosc) values ( 57,  35, 11.61, 'kg',   1);
insert into ceny (c_id, c_t_id, c_cena, c_jednostka, c_ilosc) values ( 58,  36,  8.74, 'kg',   1);
insert into ceny (c_id, c_t_id, c_cena, c_jednostka, c_ilosc) values ( 59,  37,  4.87, 'kg',   1);
insert into ceny (c_id, c_t_id, c_cena, c_jednostka, c_ilosc) values ( 60,  37, 24.91, 'kg',   1);

INSERT INTO zamowienia_statusy (zas_id, zas_nazwa) VALUES (1, 'zarejestrowane');
INSERT INTO zamowienia_statusy (zas_id, zas_nazwa) VALUES (2, 'w realizacji');
INSERT INTO zamowienia_statusy (zas_id, zas_nazwa) VALUES (3, 'zrealizowane');
INSERT INTO zamowienia_statusy (zas_id, zas_nazwa) VALUES (4, 'anulowane');
